gens,average_placement,hands_won,mean_money,fitness
gen987,11.846780,3.498580,5326.814697,0.631274,28.892420,1.943345,1.697243
